AAPL_x,AAPL_y
1,62834E+18,1.1
1,62834E+18,1.11
1,62834E+18,1.11
1,62834E+18,1.12
1,62834E+18,1.13
1,62834E+18,1.13
1,62834E+18,1.14
1,62834E+18,1.15
1,62834E+18,1.15
1,62834E+18,1.16
1,62834E+18,1.16
1,62834E+18,1.17
1,62834E+18,1.18
1,62834E+18,1.18
1,62834E+18,1.19
1,62834E+18,1.2
1,62834E+18,1.2
1,62834E+18,1.21
1,62834E+18,1.22
1,62834E+18,1.22
1,62834E+18,1.23
1,62834E+18,1.23
1,62834E+18,1.24
1,62834E+18,1.25
1,62834E+18,1.25
1,62834E+18,1.26
1,62834E+18,1.27
1,62834E+18,1.27
1,62834E+18,1.28
1,62834E+18,1.28
1,62834E+18,1.29
1,62834E+18,1.3
1,62834E+18,1.3
1,62834E+18,1.31
1,62834E+18,1.32
1,62834E+18,1.32
1,62834E+18,1.33
1,62834E+18,1.34
1,62834E+18,1.34
1,62834E+18,1.35
1,62834E+18,1.36
1,62834E+18,1.36
1,62834E+18,1.37
1,62834E+18,1.37
1,62834E+18,1.38
1,62834E+18,1.39
1,62834E+18,1.39
1,62834E+18,1.4
1,62834E+18,1.41
1,62834E+18,1.41
1,62834E+18,1.42
1,62834E+18,1.42
1,62834E+18,1.43
1,62834E+18,1.44
1,62834E+18,1.44
1,62834E+18,1.45
1,62835E+18,1.46
1,62835E+18,1.46
1,62835E+18,1.47
1,62835E+18,1.47
1,62835E+18,1.48
1,62835E+18,1.49
1,62835E+18,1.49
1,62835E+18,1.5
1,62835E+18,1.51
1,62835E+18,1.51
1,62835E+18,1.52
1,62835E+18,1.52
1,62835E+18,1.53
1,62835E+18,1.54
1,62835E+18,1.54
1,62835E+18,1.55
1,62835E+18,1.56
1,62835E+18,1.56
1,62835E+18,1.57
1,62835E+18,1.58
1,62835E+18,1.58
1,62835E+18,1.59
1,62835E+18,1.6
1,62835E+18,1.6
1,62835E+18,1.61
1,62835E+18,1.61
1,62835E+18,1.62
1,62835E+18,1.63
1,62835E+18,1.63
1,62835E+18,1.64
1,62835E+18,1.65
1,62835E+18,1.65
1,62835E+18,1.66
1,62835E+18,1.66
1,62835E+18,1.67
1,62835E+18,1.68
1,62835E+18,1.68
1,62835E+18,1.69
1,62835E+18,1.7
1,62835E+18,1.7
1,62835E+18,1.71
1,62835E+18,1.72
1,62835E+18,1.72
1,62835E+18,1.73
1,62835E+18,1.73
1,62835E+18,1.74
1,62835E+18,1.75
1,62835E+18,1.75
1,62835E+18,1.76
1,62835E+18,1.77
1,62835E+18,1.77
1,62835E+18,1.78
1,62835E+18,1.79
1,62835E+18,1.79
1,62835E+18,1.8
1,62835E+18,1.8
1,62835E+18,1.81
1,62835E+18,1.82
1,62835E+18,1.82
1,62835E+18,1.83
1,62835E+18,1.84
1,62835E+18,1.84
1,62835E+18,1.85
1,62835E+18,1.85
1,62835E+18,1.86
1,62835E+18,1.87
1,62835E+18,1.87
1,62835E+18,1.88
1,62835E+18,1.89
1,62835E+18,1.89
1,62835E+18,1.9
1,62835E+18,1.91
1,62835E+18,1.91
1,62835E+18,1.92
1,62835E+18,1.92
1,62835E+18,1.93
1,62835E+18,1.94
1,62835E+18,1.94
1,62835E+18,1.95
1,62835E+18,1.96
1,62835E+18,1.96
1,62835E+18,1.97
1,62835E+18,1.97
1,62835E+18,1.98
1,62835E+18,1.99
1,62835E+18,1.99
1,62835E+18,2
1,62835E+18,2.01
1,62835E+18,2.01
1,62835E+18,2.02
1,62835E+18,2.02
1,62835E+18,2.03
1,62835E+18,2.04
1,62835E+18,2.04
1,62835E+18,2.05
1,62835E+18,2.06
1,62835E+18,2.06
1,62835E+18,2.07
1,62835E+18,2.08
1,62835E+18,2.08
1,62835E+18,2.09
1,62835E+18,2.09
1,62835E+18,2.1
1,62835E+18,2.11
1,62835E+18,2.11
1,62835E+18,2.12
1,62835E+18,2.13
1,62835E+18,2.13
1,62835E+18,2.14
1,62835E+18,2.15
1,62835E+18,2.15
1,62835E+18,2.16
1,62835E+18,2.16
1,62835E+18,2.17
1,62835E+18,2.18
1,62835E+18,2.18
1,62835E+18,2.19
1,62835E+18,2.2
1,62835E+18,2.2
1,62835E+18,2.21
1,62835E+18,2.21
1,62835E+18,2.22
1,62835E+18,2.23
1,62835E+18,2.23
1,62835E+18,2.24
1,62835E+18,2.25
1,62835E+18,2.25
1,62835E+18,2.26
1,62835E+18,2.27
1,62835E+18,2.27
1,62835E+18,2.28
1,62835E+18,2.28
1,62835E+18,2.29
1,62835E+18,2.3
1,62835E+18,2.3
1,62835E+18,2.31
1,62835E+18,2.32
1,62835E+18,2.32
1,62835E+18,2.33
1,62835E+18,2.33
1,62835E+18,2.34
1,62835E+18,2.35
1,62835E+18,2.35
1,62835E+18,2.36
1,62835E+18,2.37
1,62835E+18,2.37
1,62835E+18,2.38
1,62835E+18,2.39
1,62835E+18,2.39
1,62835E+18,2.4
1,62835E+18,2.4
1,62835E+18,2.41
1,62835E+18,2.42
1,62835E+18,2.42
1,62835E+18,2.43
1,62835E+18,2.44
1,62835E+18,2.44
1,62835E+18,2.45
1,62835E+18,2.46
1,62835E+18,2.46
1,62835E+18,2.47
1,62835E+18,2.47
1,62835E+18,2.48
1,62835E+18,2.49
1,62835E+18,2.49
1,62835E+18,2.5
1,62835E+18,2.51
1,62835E+18,2.51
1,62835E+18,2.52
1,62835E+18,2.52
1,62835E+18,2.53
1,62835E+18,2.54
1,62835E+18,2.54
1,62835E+18,2.55
1,62835E+18,2.56
1,62835E+18,2.56
1,62835E+18,2.57
1,62835E+18,2.58
1,62835E+18,2.58
1,62835E+18,2.59
1,62835E+18,2.59
1,62835E+18,2.6
1,62835E+18,2.61
1,62835E+18,2.61
1,62835E+18,2.62
1,62835E+18,2.63
1,62835E+18,2.63
1,62835E+18,2.64
1,62835E+18,2.64
1,62835E+18,2.65
1,62835E+18,2.66
1,62835E+18,2.66
1,62835E+18,2.67
1,62835E+18,2.68
1,62835E+18,2.68
1,62835E+18,2.69
1,62835E+18,2.69
1,62835E+18,2.7
1,62835E+18,2.71
1,62835E+18,2.71
1,62835E+18,2.72
1,62835E+18,2.73
1,62835E+18,2.73
1,62835E+18,2.74
1,62835E+18,2.75
1,62835E+18,2.75
1,62835E+18,2.76
1,62835E+18,2.77
1,62835E+18,2.77
1,62835E+18,2.78
1,62835E+18,2.78
1,62835E+18,2.79
1,62835E+18,2.8
1,62835E+18,2.8
1,62835E+18,2.81
1,62835E+18,2.82
1,62835E+18,2.82
1,62835E+18,2.83
1,62835E+18,2.83
1,62835E+18,2.84
1,62835E+18,2.85
1,62835E+18,2.85
1,62835E+18,2.86
1,62835E+18,2.87
1,62835E+18,2.87
1,62835E+18,2.88
1,62835E+18,2.88
1,62835E+18,2.89
1,62835E+18,2.9
1,62835E+18,2.9
1,62835E+18,2.91
1,62835E+18,2.92
1,62835E+18,2.92
1,62835E+18,2.93
1,62835E+18,2.94
1,62835E+18,2.94
1,62835E+18,2.95
1,62835E+18,2.95
1,62835E+18,2.96
1,62835E+18,2.97
1,62835E+18,2.97
1,62835E+18,2.98
1,62835E+18,2.99
1,62835E+18,2.99
1,62835E+18,3
1,62835E+18,3
1,62835E+18,3.01
1,62835E+18,3.02
1,62835E+18,3.02
1,62835E+18,3.03
1,62835E+18,3.04
1,62835E+18,3.04
1,62835E+18,3.05
1,62835E+18,3.06
1,62835E+18,3.06
1,62835E+18,3.07
1,62835E+18,3.08
1,62835E+18,3.08
1,62835E+18,3.09
1,62835E+18,3.09
1,62835E+18,3.1
1,62835E+18,3.11
1,62835E+18,3.11
1,62835E+18,3.12
1,62835E+18,3.13
1,62835E+18,3.13
1,62835E+18,3.14
1,62835E+18,3.14
1,62835E+18,3.15
1,62835E+18,3.16
1,62835E+18,3.16
1,62835E+18,3.17
1,62835E+18,3.18
1,62835E+18,3.18
1,62835E+18,3.19
1,62835E+18,3.19
1,62835E+18,3.2
1,62835E+18,3.21
1,62835E+18,3.21
1,62835E+18,3.22
1,62835E+18,3.23
1,62835E+18,3.23
1,62835E+18,3.24
1,62835E+18,3.24
1,62835E+18,3.25
1,62835E+18,3.26
1,62835E+18,3.26
1,62835E+18,3.27
1,62835E+18,3.28
1,62835E+18,3.28
1,62835E+18,3.29
1,62835E+18,3.3
1,62835E+18,3.3
1,62835E+18,3.31
1,62835E+18,3.31
1,62835E+18,3.32
1,62835E+18,3.33
1,62835E+18,3.33
1,62835E+18,3.34
1,62835E+18,3.35
1,62835E+18,3.35
1,62835E+18,3.36
1,62835E+18,3.37
1,62835E+18,3.37
1,62835E+18,3.38
1,62835E+18,3.38
1,62835E+18,3.39
1,62835E+18,3.4
1,62835E+18,3.4
1,62835E+18,3.41
1,62835E+18,3.42
1,62835E+18,3.42
1,62835E+18,3.43
1,62835E+18,3.44
1,62835E+18,3.44
1,62835E+18,3.45
1,62835E+18,3.45
1,62835E+18,3.46
1,62835E+18,3.47
1,62835E+18,3.47
1,62835E+18,3.48
1,62835E+18,3.49
1,62835E+18,3.49
1,62835E+18,3.5
1,62835E+18,3.5
1,62835E+18,3.51
1,62835E+18,3.52
1,62835E+18,3.52
1,62835E+18,3.53
1,62835E+18,3.54
1,62835E+18,3.54
1,62835E+18,3.55
1,62835E+18,3.55
1,62835E+18,3.56
1,62835E+18,3.57
1,62835E+18,3.57
1,62835E+18,3.58
1,62835E+18,3.59
1,62835E+18,3.59
1,62835E+18,3.6
1,62835E+18,3.61
1,62835E+18,3.61
1,62835E+18,3.62
1,62835E+18,3.62
1,62835E+18,3.63
1,62835E+18,3.64
1,62835E+18,3.64
1,62835E+18,3.65
1,62835E+18,3.66
1,62835E+18,3.66
1,62835E+18,3.67
1,62835E+18,3.67
1,62835E+18,3.68
1,62835E+18,3.69
1,62835E+18,3.69
1,62835E+18,3.7
1,62835E+18,3.71
1,62835E+18,3.71
1,62835E+18,3.72
1,62835E+18,3.73
1,62835E+18,3.73
1,62835E+18,3.74
1,62835E+18,3.74
1,62835E+18,3.75
1,62835E+18,3.76
1,62835E+18,3.76
1,62835E+18,3.77
1,62835E+18,3.78
1,62835E+18,3.78
1,62835E+18,3.79
1,62835E+18,3.8
1,62835E+18,3.8
1,62835E+18,3.81
1,62835E+18,3.81
1,62835E+18,3.82
1,62835E+18,3.83
1,62835E+18,3.83
1,62835E+18,3.84
1,62835E+18,3.85
1,62835E+18,3.85
1,62835E+18,3.86
1,62835E+18,3.86
1,62835E+18,3.87
1,62835E+18,3.88
1,62835E+18,3.88
1,62835E+18,3.89
1,62835E+18,3.9
1,62835E+18,3.9
1,62835E+18,3.91
1,62835E+18,3.91
1,62835E+18,3.92
1,62835E+18,3.93
1,62835E+18,3.93
1,62835E+18,3.94
1,62835E+18,3.95
1,62835E+18,3.95
1,62835E+18,3.96
1,62835E+18,3.97
1,62835E+18,3.97
1,62835E+18,3.98
1,62835E+18,3.98
1,62835E+18,3.99
1,62835E+18,4
1,62835E+18,4
1,62835E+18,4.01
1,62835E+18,4.02
1,62835E+18,4.02
1,62835E+18,4.03
1,62835E+18,4.04
1,62835E+18,4.04
1,62835E+18,4.05
1,62835E+18,4.05
1,62835E+18,4.06
1,62835E+18,4.07
1,62835E+18,4.07
1,62835E+18,4.08
1,62835E+18,4.09
1,62835E+18,4.09
1,62835E+18,4.1
1,62835E+18,4.11
1,62835E+18,4.11
1,62835E+18,4.12
1,62835E+18,4.12
1,62835E+18,4.13
1,62835E+18,4.14
1,62835E+18,4.14
1,62835E+18,4.15
1,62835E+18,4.16
1,62835E+18,4.16
1,62835E+18,4.17
1,62835E+18,4.17
1,62835E+18,4.18
1,62835E+18,4.19
1,62835E+18,4.19
1,62835E+18,4.2
1,62835E+18,4.21
1,62835E+18,4.21
1,62835E+18,4.22
1,62835E+18,4.22
1,62835E+18,4.23
1,62835E+18,4.24
1,62835E+18,4.24
1,62835E+18,4.25
1,62835E+18,4.26
1,62835E+18,4.26
1,62835E+18,4.27
1,62835E+18,4.27
1,62835E+18,4.28
1,62835E+18,4.29
1,62835E+18,4.29
1,62835E+18,4.3
1,62835E+18,4.31
1,62835E+18,4.31
1,62835E+18,4.32
1,62835E+18,4.33
1,62835E+18,4.33
1,62835E+18,4.34
1,62835E+18,4.34
1,62835E+18,4.35
1,62835E+18,4.36
1,62835E+18,4.36
1,62835E+18,4.37
1,62835E+18,4.38
1,62835E+18,4.38
1,62835E+18,4.39
1,62835E+18,4.4
1,62835E+18,4.4
1,62835E+18,4.41
1,62835E+18,4.41
1,62835E+18,4.42
1,62835E+18,4.43
1,62835E+18,4.43
1,62835E+18,4.44
1,62835E+18,4.45
1,62835E+18,4.45
1,62835E+18,4.46
1,62835E+18,4.47
1,62835E+18,4.47
1,62835E+18,4.48
1,62835E+18,4.48
1,62835E+18,4.49
1,62835E+18,4.5
1,62835E+18,4.5
1,62835E+18,4.51
1,62835E+18,4.52
1,62835E+18,4.52
1,62835E+18,4.53
1,62835E+18,4.53
1,62835E+18,4.54
1,62835E+18,4.55
1,62835E+18,4.55
1,62835E+18,4.56
1,62835E+18,4.57
1,62835E+18,4.57
1,62835E+18,4.58
1,62835E+18,4.58
1,62835E+18,4.59
1,62835E+18,4.6
1,62835E+18,4.6
1,62835E+18,4.61
1,62835E+18,4.62
1,62835E+18,4.62
1,62835E+18,4.63
1,62835E+18,4.63
1,62835E+18,4.64
1,62835E+18,4.65
1,62835E+18,4.65
1,62835E+18,4.66
1,62835E+18,4.67
1,62835E+18,4.67
1,62835E+18,4.68
1,62835E+18,4.69
1,62835E+18,4.69
1,62835E+18,4.7
1,62835E+18,4.7
1,62835E+18,4.71
1,62835E+18,4.72
1,62835E+18,4.72
1,62835E+18,4.73
1,62835E+18,4.74
1,62835E+18,4.74
1,62835E+18,4.75
1,62835E+18,4.76
1,62835E+18,4.76
1,62835E+18,4.77
1,62835E+18,4.77
1,62835E+18,4.78
1,62835E+18,4.79
1,62835E+18,4.79
1,62835E+18,4.8
1,62835E+18,4.81
1,62835E+18,4.81
1,62835E+18,4.82
1,62835E+18,4.83
1,62835E+18,4.83
1,62835E+18,4.84
1,62835E+18,4.84
1,62835E+18,4.85
1,62835E+18,4.86
1,62835E+18,4.86
1,62835E+18,4.87
1,62835E+18,4.88
1,62835E+18,4.88
1,62835E+18,4.89
1,62835E+18,4.89
1,62835E+18,4.9
1,62835E+18,4.91
1,62835E+18,4.91
1,62835E+18,4.92
1,62835E+18,4.93
1,62835E+18,4.93
1,62835E+18,4.94
1,62835E+18,4.94
1,62835E+18,4.95
1,62835E+18,4.96
1,62835E+18,4.96
1,62835E+18,4.97
1,62835E+18,4.98
1,62835E+18,4.98
1,62835E+18,4.99
1,62835E+18,5
1,62835E+18,5
1,62835E+18,5.01
1,62835E+18,5.01
1,62835E+18,5.02
1,62835E+18,5.03
1,62835E+18,5.03
1,62835E+18,5.04
1,62835E+18,5.05
1,62835E+18,5.05
1,62835E+18,5.06
1,62835E+18,5.06
1,62835E+18,5.07
1,62835E+18,5.08
1,62835E+18,5.08
1,62835E+18,5.09
1,62835E+18,5.1
1,62835E+18,5.1
1,62835E+18,5.11
1,62835E+18,5.12
1,62835E+18,5.12
1,62835E+18,5.13
1,62835E+18,5.14
1,62835E+18,5.14
1,62835E+18,5.15
1,62835E+18,5.15
1,62835E+18,5.16
1,62835E+18,5.17
1,62835E+18,5.17
1,62835E+18,5.18
1,62835E+18,5.19
1,62835E+18,5.19
1,62835E+18,5.2
1,62835E+18,5.2
1,62835E+18,5.21
1,62835E+18,5.22
1,62835E+18,5.22
1,62835E+18,5.23
1,62835E+18,5.24
1,62835E+18,5.24
1,62835E+18,5.25
1,62835E+18,5.25
1,62835E+18,5.26
1,62835E+18,5.27
1,62835E+18,5.27
1,62835E+18,5.28
1,62835E+18,5.29
1,62835E+18,5.29
1,62835E+18,5.3
1,62835E+18,5.3
1,62835E+18,5.31
1,62835E+18,5.32
1,62835E+18,5.32
1,62835E+18,5.33
1,62835E+18,5.34
1,62835E+18,5.34
1,62835E+18,5.35
1,62835E+18,5.36
1,62835E+18,5.36
1,62835E+18,5.37
1,62835E+18,5.37
1,62835E+18,5.38
1,62835E+18,5.39
1,62835E+18,5.39
1,62835E+18,5.4
1,62835E+18,5.41
1,62835E+18,5.41
1,62835E+18,5.42
1,62835E+18,5.42
1,62835E+18,5.43
1,62835E+18,5.44
1,62835E+18,5.44
1,62835E+18,5.45
1,62835E+18,5.46
1,62835E+18,5.46
1,62835E+18,5.47
1,62835E+18,5.48
1,62835E+18,5.48
1,62835E+18,5.49
1,62835E+18,5.5
1,62835E+18,5.5
1,62835E+18,5.51
1,62835E+18,5.51
1,62835E+18,5.52
1,62835E+18,5.53
1,62835E+18,5.53
1,62835E+18,5.54
1,62835E+18,5.55
1,62835E+18,5.55
1,62835E+18,5.56
1,62835E+18,5.56
1,62835E+18,5.57
1,62835E+18,5.58
1,62835E+18,5.58
1,62835E+18,5.59
1,62835E+18,5.6
1,62835E+18,5.6
1,62835E+18,5.61
1,62835E+18,5.61
1,62835E+18,5.62
1,62835E+18,5.63
1,62835E+18,5.63
1,62835E+18,5.64
1,62835E+18,5.65
1,62835E+18,5.65
1,62835E+18,5.66
1,62835E+18,5.66
1,62835E+18,5.67
1,62835E+18,5.68
1,62835E+18,5.68
1,62835E+18,5.69
1,62835E+18,5.7
1,62835E+18,5.7
1,62835E+18,5.71
1,62835E+18,5.72
1,62835E+18,5.72
1,62835E+18,5.73
1,62835E+18,5.73
1,62835E+18,5.74
1,62835E+18,5.75
1,62835E+18,5.75
1,62835E+18,5.76
1,62835E+18,5.77
1,62835E+18,5.77
1,62835E+18,5.78
1,62835E+18,5.78
1,62835E+18,5.79
1,62835E+18,5.8
1,62835E+18,5.8
1,62835E+18,5.81
1,62835E+18,5.82
1,62835E+18,5.82
1,62835E+18,5.83
1,62835E+18,5.84
1,62835E+18,5.84
1,62835E+18,5.85
1,62835E+18,5.85
1,62835E+18,5.86
1,62835E+18,5.87
1,62835E+18,5.87
1,62835E+18,5.88
1,62835E+18,5.89
1,62835E+18,5.89
1,62835E+18,5.9
1,62835E+18,5.91
1,62835E+18,5.91
1,62835E+18,5.92
1,62835E+18,5.92
1,62835E+18,5.93
1,62835E+18,5.94
1,62835E+18,5.94
1,62835E+18,5.95
1,62835E+18,5.96
1,62835E+18,5.96
1,62835E+18,5.97
1,62835E+18,5.97
1,62835E+18,5.98
1,62835E+18,5.99
1,62835E+18,5.99
1,62835E+18,6
1,62835E+18,6.01
1,62835E+18,6.01
1,62835E+18,6.02
1,62835E+18,6.03
1,62835E+18,6.03
1,62835E+18,6.04
1,62835E+18,6.04
1,62835E+18,6.05
1,62835E+18,6.06
1,62835E+18,6.06
1,62835E+18,6.07
1,62835E+18,6.08
1,62835E+18,6.08
1,62835E+18,6.09
1,62835E+18,6.09
1,62835E+18,6.1
1,62835E+18,6.11
1,62835E+18,6.11
1,62835E+18,6.12
1,62835E+18,6.13
1,62835E+18,6.13
1,62835E+18,6.14
1,62835E+18,6.14
1,62835E+18,6.15
1,62835E+18,6.16
1,62835E+18,6.16
1,62835E+18,6.17
1,62835E+18,6.18
1,62835E+18,6.18
1,62835E+18,6.19
1,62835E+18,6.2
1,62835E+18,6.2
1,62835E+18,6.21
1,62835E+18,6.21
1,62835E+18,6.22
1,62835E+18,6.23
1,62835E+18,6.23
1,62835E+18,6.24
1,62835E+18,6.25
1,62835E+18,6.25
1,62835E+18,6.26
1,62835E+18,6.27
1,62835E+18,6.27
1,62835E+18,6.28
1,62835E+18,6.28
1,62835E+18,6.29
1,62835E+18,6.3
1,62835E+18,6.3
1,62835E+18,6.31
1,62835E+18,6.32
1,62835E+18,6.32
1,62835E+18,6.33
1,62835E+18,6.34
1,62835E+18,6.34
1,62835E+18,6.35
1,62835E+18,6.35
1,62835E+18,6.36
1,62835E+18,6.37
1,62835E+18,6.37
1,62835E+18,6.38
1,62835E+18,6.39
1,62835E+18,6.39
1,62835E+18,6.4
1,62835E+18,6.41
1,62835E+18,6.41
1,62835E+18,6.42
1,62835E+18,6.43
1,62835E+18,6.43
1,62835E+18,6.44
1,62835E+18,6.45
1,62835E+18,6.45
1,62835E+18,6.46
1,62835E+18,6.47
1,62835E+18,6.47
1,62835E+18,6.48
1,62835E+18,6.48
1,62835E+18,6.49
1,62835E+18,6.5
1,62835E+18,6.5
1,62835E+18,6.51
1,62835E+18,6.52
1,62835E+18,6.52
1,62835E+18,6.53
1,62835E+18,6.54
1,62835E+18,6.54
1,62835E+18,6.55
1,62835E+18,6.56
1,62835E+18,6.56
1,62835E+18,6.57
1,62835E+18,6.58
1,62835E+18,6.58
1,62835E+18,6.59
1,62835E+18,6.6
1,62835E+18,6.63
1,62835E+18,6.8
1,62835E+18,7.04
1,62835E+18,7.19
1,62835E+18,7.34
1,62835E+18,7.53
1,62835E+18,7.68
1,62835E+18,7.83
1,62835E+18,7.98
1,62835E+18,8.12
1,62835E+18,8.27
1,62835E+18,8.42
1,62835E+18,8.56
1,62835E+18,8.71
1,62835E+18,8.91
1,62835E+18,9.05
1,62835E+18,9.2
1,62835E+18,9.35
1,62835E+18,9.5
1,62835E+18,9.69
1,62835E+18,9.84
1,62835E+18,9.99
1,62835E+18,10.13
1,62835E+18,10.28
1,62835E+18,10.48
1,62835E+18,10.62
1,62835E+18,10.77
1,62835E+18,10.97
1,62835E+18,11.12
1,62835E+18,11.21
1,62835E+18,11.36
1,62835E+18,11.51
1,62835E+18,11.66
1,62835E+18,11.8
1,62835E+18,11.95
1,62835E+18,12.1
1,62835E+18,12.24
1,62835E+18,12.39
1,62835E+18,12.54
1,62835E+18,12.69
1,62835E+18,12.83
1,62835E+18,12.98
1,62835E+18,13.13
1,62835E+18,13.28
1,62835E+18,13.42
1,62835E+18,13.62
1,62835E+18,13.77
1,62835E+18,13.91
1,62835E+18,14.06
1,62835E+18,14.21
1,62835E+18,14.35
1,62835E+18,14.5
1,62835E+18,14.65
1,62835E+18,14.85
1,62835E+18,15.04
1,62835E+18,15.24
1,62835E+18,15.38
1,62835E+18,15.58
1,62835E+18,15.73
1,62835E+18,15.87
1,62835E+18,16.02
1,62835E+18,16.12
1,62835E+18,16.32
1,62835E+18,16.41
1,62835E+18,16.56
1,62835E+18,16.71
1,62836E+18,16.91
1,62836E+18,17
1,62836E+18,17.15
1,62836E+18,17.35
1,62836E+18,17.49
1,62836E+18,17.64
1,62836E+18,17.79
1,62836E+18,17.99
1,62836E+18,18.13
1,62836E+18,18.28
1,62836E+18,18.43
1,62836E+18,18.57
1,62836E+18,18.77
1,62836E+18,18.92
1,62836E+18,19.02
1,62836E+18,19.16
1,62836E+18,19.26
1,62836E+18,19.41
1,62836E+18,19.56
1,62836E+18,19.65
1,62836E+18,19.75
1,62836E+18,19.85
1,62836E+18,19.93
1,62836E+18,20.02
1,62836E+18,20.06
1,62836E+18,20.1
1,62836E+18,20.19
1,62836E+18,20.34
1,62836E+18,20.44
1,62836E+18,20.46
1,62836E+18,20.49
1,62836E+18,20.59
1,62836E+18,20.69
1,62836E+18,20.82
1,62836E+18,20.97
1,62836E+18,21.05
1,62836E+18,21.2
1,62836E+18,21.3
1,62836E+18,21.4
1,62836E+18,21.52
1,62836E+18,21.6
1,62836E+18,21.7
1,62836E+18,21.82
1,62836E+18,21.91
1,62836E+18,22.02
1,62836E+18,22.12
1,62836E+18,22.26
1,62836E+18,22.38
1,62836E+18,22.48
1,62836E+18,22.53
1,62836E+18,22.68
1,62836E+18,22.78
1,62836E+18,22.89
1,62836E+18,22.99
1,62836E+18,23.13
1,62836E+18,23.23
1,62836E+18,23.3
1,62836E+18,23.45
1,62836E+18,23.51
1,62836E+18,23.65
1,62836E+18,23.78
1,62836E+18,23.93
1,62836E+18,24.02
1,62836E+18,24.12
1,62836E+18,24.24
1,62836E+18,24.38
1,62836E+18,24.43
1,62836E+18,24.58
1,62836E+18,24.68
1,62836E+18,24.82
1,62836E+18,24.91
1,62836E+18,25
1,62836E+18,25.1
1,62836E+18,25.23
1,62836E+18,25.32
1,62836E+18,25.42
1,62836E+18,25.52
1,62836E+18,25.65
1,62836E+18,25.79
1,62836E+18,25.93
1,62836E+18,26.03
1,62836E+18,26.14
1,62836E+18,26.23
1,62836E+18,26.38
1,62836E+18,26.48
1,62836E+18,26.58
1,62836E+18,26.68
1,62836E+18,26.81
1,62836E+18,26.91
1,62836E+18,26.96
1,62836E+18,27.11
1,62836E+18,27.2
1,62836E+18,27.32
1,62836E+18,27.42
1,62836E+18,27.55
1,62836E+18,27.69
1,62836E+18,27.77
1,62836E+18,27.91
1,62836E+18,28
1,62836E+18,28.19
1,62836E+18,28.29
1,62836E+18,28.41
1,62836E+18,28.45
1,62836E+18,28.55
1,62836E+18,28.62
1,62836E+18,28.63
1,62836E+18,28.63
1,62836E+18,28.64
1,62836E+18,28.64
1,62836E+18,28.65
1,62836E+18,28.66
1,62836E+18,28.66
1,62836E+18,28.67
1,62836E+18,28.68
1,62836E+18,28.68
1,62836E+18,28.69
1,62836E+18,28.69
1,62836E+18,28.7
1,62836E+18,28.71
1,62836E+18,28.71
1,62836E+18,28.72
1,62836E+18,28.73
1,62836E+18,28.73
1,62836E+18,28.74
1,62836E+18,28.75
1,62836E+18,28.75
1,62836E+18,28.76
1,62836E+18,28.76
1,62836E+18,28.77
1,62836E+18,28.78
1,62836E+18,28.78
1,62836E+18,28.79
1,62836E+18,28.8
1,62836E+18,28.8
1,62836E+18,28.81
1,62836E+18,28.82
1,62836E+18,28.82
1,62836E+18,28.83
1,62836E+18,28.83
1,62836E+18,28.84
1,62836E+18,28.85
1,62836E+18,28.85
1,62836E+18,28.86
1,62836E+18,28.87
1,62836E+18,28.87
1,62836E+18,28.88
1,62836E+18,28.89
1,62836E+18,28.89
1,62836E+18,28.9
1,62836E+18,28.9
1,62836E+18,28.91
1,62836E+18,28.92
1,62836E+18,28.92
1,62836E+18,28.93
1,62836E+18,28.94
1,62836E+18,28.94
1,62836E+18,28.95
1,62836E+18,28.95
1,62836E+18,28.96
1,62836E+18,28.97
1,62836E+18,28.97
1,62836E+18,28.98
1,62836E+18,28.99
1,62836E+18,28.99
1,62836E+18,29
1,62836E+18,29
1,62836E+18,29.01
1,62836E+18,29.02
1,62836E+18,29.02
1,62836E+18,29.03
1,62836E+18,29.04
1,62836E+18,29.04
1,62836E+18,29.05
1,62836E+18,29.05
1,62836E+18,29.06
1,62836E+18,29.07
1,62836E+18,29.07
1,62836E+18,29.08
1,62836E+18,29.09
1,62836E+18,29.09
1,62836E+18,29.1
1,62836E+18,29.11
1,62836E+18,29.11
1,62836E+18,29.12
1,62836E+18,29.13
1,62836E+18,29.13
1,62836E+18,29.14
1,62836E+18,29.14
1,62836E+18,29.15
1,62836E+18,29.16
1,62836E+18,29.16
1,62836E+18,29.17
1,62836E+18,29.18
1,62836E+18,29.18
1,62836E+18,29.19
1,62836E+18,29.19
1,62836E+18,29.2
1,62836E+18,29.21
1,62836E+18,29.21
1,62836E+18,29.22
1,62836E+18,29.23
1,62836E+18,29.23
1,62836E+18,29.24
1,62836E+18,29.25
1,62836E+18,29.25
1,62836E+18,29.26
1,62836E+18,29.26
1,62836E+18,29.27
1,62836E+18,29.28
1,62836E+18,29.28
1,62836E+18,29.29
1,62836E+18,29.3
1,62836E+18,29.3
1,62836E+18,29.31
1,62836E+18,29.31
1,62836E+18,29.32
1,62836E+18,29.33
1,62836E+18,29.33
1,62836E+18,29.34
1,62836E+18,29.35
1,62836E+18,29.35
1,62836E+18,29.36
1,62836E+18,29.36
1,62836E+18,29.37
1,62836E+18,29.38
1,62836E+18,29.38
1,62836E+18,29.39
1,62836E+18,29.4
1,62836E+18,29.4
1,62836E+18,29.41
1,62836E+18,29.42
1,62836E+18,29.42
1,62836E+18,29.43
1,62836E+18,29.44
1,62836E+18,29.44
1,62836E+18,29.45
1,62836E+18,29.45
1,62836E+18,29.46
1,62836E+18,29.47
1,62836E+18,29.47
1,62836E+18,29.48
1,62836E+18,29.49
1,62836E+18,29.49
1,62836E+18,29.5
1,62836E+18,29.5
1,62836E+18,29.51
1,62836E+18,29.52
1,62836E+18,29.52
1,62836E+18,29.53
1,62836E+18,29.54
1,62836E+18,29.54
1,62836E+18,29.55
1,62836E+18,29.55
1,62836E+18,29.56
1,62836E+18,29.57
1,62836E+18,29.57
1,62836E+18,29.58
1,62836E+18,29.59
1,62836E+18,29.59
1,62836E+18,29.6
1,62836E+18,29.61
1,62836E+18,29.61
1,62836E+18,29.62
1,62836E+18,29.62
1,62836E+18,29.63
1,62836E+18,29.64
1,62836E+18,29.64
1,62836E+18,29.65
1,62836E+18,29.66
1,62836E+18,29.66
1,62836E+18,29.67
1,62836E+18,29.67
1,62836E+18,29.68
1,62836E+18,29.69
1,62836E+18,29.69
1,62836E+18,29.7
1,62836E+18,29.71
1,62836E+18,29.71
1,62836E+18,29.72
1,62836E+18,29.73
1,62836E+18,29.73
1,62836E+18,29.74
1,62836E+18,29.74
1,62836E+18,29.75
1,62836E+18,29.76
1,62836E+18,29.76
1,62836E+18,29.77
1,62836E+18,29.78
1,62836E+18,29.78
1,62836E+18,29.79
1,62836E+18,29.8
1,62836E+18,29.8
1,62836E+18,29.81
1,62836E+18,29.81
1,62836E+18,29.82
1,62836E+18,29.83
1,62836E+18,29.83
1,62836E+18,29.84
1,62836E+18,29.85
1,62836E+18,29.85
1,62836E+18,29.86
1,62836E+18,29.86
1,62836E+18,29.87
1,62836E+18,29.88
1,62836E+18,29.88
1,62836E+18,29.89
1,62836E+18,29.9
1,62836E+18,29.9
1,62836E+18,29.91
1,62836E+18,29.92
1,62836E+18,29.92
1,62836E+18,29.93
1,62836E+18,29.93
1,62836E+18,29.94
1,62836E+18,29.95
1,62836E+18,29.95
1,62836E+18,29.96
1,62836E+18,29.97
1,62836E+18,29.97
1,62836E+18,29.98
1,62836E+18,29.98
1,62836E+18,29.99
1,62836E+18,30
1,62836E+18,30
1,62836E+18,30.01
1,62836E+18,30.02
1,62836E+18,30.02
1,62836E+18,30.03
1,62836E+18,30.03
1,62836E+18,30.04
1,62836E+18,30.05
1,62836E+18,30.05
1,62836E+18,30.06
1,62836E+18,30.07
1,62836E+18,30.07
1,62836E+18,30.08
1,62836E+18,30.09
1,62836E+18,30.09
1,62836E+18,30.1
1,62836E+18,30.1
1,62836E+18,30.11
1,62836E+18,30.12
1,62836E+18,30.12
1,62836E+18,30.13
1,62836E+18,30.14
1,62836E+18,30.14
1,62836E+18,30.15
1,62836E+18,30.16
1,62836E+18,30.16
1,62836E+18,30.17
1,62836E+18,30.17
1,62836E+18,30.18
1,62836E+18,30.19
1,62836E+18,30.19
1,62836E+18,30.2
1,62836E+18,30.21
1,62836E+18,30.21
1,62836E+18,30.22
1,62836E+18,30.22
1,62836E+18,30.23
1,62836E+18,30.24
1,62836E+18,30.24
1,62836E+18,30.25
1,62836E+18,30.26
1,62836E+18,30.26
1,62836E+18,30.27
1,62836E+18,30.28
1,62836E+18,30.28
1,62836E+18,30.29
1,62836E+18,30.29
1,62836E+18,30.3
1,62836E+18,30.31
1,62836E+18,30.31
1,62836E+18,30.32
1,62836E+18,30.33
1,62836E+18,30.33
1,62836E+18,30.34
1,62836E+18,30.34
1,62836E+18,30.35
1,62836E+18,30.36
1,62836E+18,30.36
1,62836E+18,30.37
1,62836E+18,30.38
1,62836E+18,30.38
1,62836E+18,30.39
1,62836E+18,30.4
1,62836E+18,30.4
1,62836E+18,30.41
1,62836E+18,30.41
1,62836E+18,30.42
1,62836E+18,30.43
1,62836E+18,30.43
1,62836E+18,30.44
1,62836E+18,30.45
1,62836E+18,30.45
1,62836E+18,30.46
1,62836E+18,30.47
1,62836E+18,30.47
1,62836E+18,30.48
1,62836E+18,30.48
1,62836E+18,30.49
1,62836E+18,30.5
1,62836E+18,30.5
1,62836E+18,30.51
1,62836E+18,30.52
1,62836E+18,30.52
1,62836E+18,30.53
1,62836E+18,30.53
1,62836E+18,30.54
1,62836E+18,30.55
1,62836E+18,30.55
1,62836E+18,30.56
1,62836E+18,30.57
1,62836E+18,30.57
1,62836E+18,30.58
1,62836E+18,30.58
1,62836E+18,30.59
1,62836E+18,30.6
1,62836E+18,30.6
1,62836E+18,30.61
1,62836E+18,30.62
1,62836E+18,30.62
1,62836E+18,30.63
1,62836E+18,30.64
1,62836E+18,30.64
1,62836E+18,30.65
1,62836E+18,30.65
1,62836E+18,30.66
1,62836E+18,30.67
1,62836E+18,30.67
1,62836E+18,30.68
1,62836E+18,30.69
1,62836E+18,30.69
1,62836E+18,30.7
1,62836E+18,30.7
1,62836E+18,30.71
1,62836E+18,30.72
1,62836E+18,30.72
1,62836E+18,30.73
1,62836E+18,30.74
1,62836E+18,30.74
1,62836E+18,30.75
1,62836E+18,30.76
1,62836E+18,30.76
1,62836E+18,30.77
1,62836E+18,30.77
1,62836E+18,30.78
1,62836E+18,30.79
1,62836E+18,30.79
1,62836E+18,30.8
1,62836E+18,30.81
1,62836E+18,30.81
1,62836E+18,30.82
1,62836E+18,30.83
1,62836E+18,30.83
1,62836E+18,30.84
1,62836E+18,30.84
1,62836E+18,30.85
1,62836E+18,30.86
1,62836E+18,30.86
1,62836E+18,30.87
1,62836E+18,30.88
1,62836E+18,30.88
1,62836E+18,30.89
1,62836E+18,30.89
1,62836E+18,30.9
1,62836E+18,30.91
1,62836E+18,30.91
1,62836E+18,30.92
1,62836E+18,30.93
1,62836E+18,30.93
1,62836E+18,30.94
1,62836E+18,30.95
1,62836E+18,30.95
1,62836E+18,30.96
1,62836E+18,30.96
1,62836E+18,30.97
1,62836E+18,30.98
1,62836E+18,30.98
1,62836E+18,30.99
1,62836E+18,31
1,62836E+18,31
1,62836E+18,31.01
1,62836E+18,31.01
1,62836E+18,31.02
1,62836E+18,31.03
1,62836E+18,31.03
1,62836E+18,31.04
1,62836E+18,31.05
1,62836E+18,31.05
1,62836E+18,31.06
1,62836E+18,31.07
1,62836E+18,31.07
1,62836E+18,31.08
1,62836E+18,31.08
1,62836E+18,31.09
1,62836E+18,31.1
1,62836E+18,31.1
1,62836E+18,31.11
1,62836E+18,31.12
1,62836E+18,31.12
1,62836E+18,31.13
1,62836E+18,31.13
1,62836E+18,31.14
1,62836E+18,31.15
1,62836E+18,31.15
1,62836E+18,31.16
1,62836E+18,31.17
1,62836E+18,31.17
1,62836E+18,31.18
1,62836E+18,31.19
1,62836E+18,31.19
1,62836E+18,31.2
1,62836E+18,31.2
1,62836E+18,31.21
1,62836E+18,31.22
1,62836E+18,31.22
1,62836E+18,31.23
1,62836E+18,31.24
1,62836E+18,31.24
1,62836E+18,31.25
1,62836E+18,31.25
1,62836E+18,31.26
1,62836E+18,31.27
1,62836E+18,31.27
1,62836E+18,31.28
1,62836E+18,31.29
1,62836E+18,31.29
1,62836E+18,31.3
1,62836E+18,31.31
1,62836E+18,31.31
1,62836E+18,31.32
1,62836E+18,31.32
1,62836E+18,31.33
1,62836E+18,31.34
1,62836E+18,31.34
1,62836E+18,31.35
1,62836E+18,31.36
1,62836E+18,31.36
1,62836E+18,31.37
1,62836E+18,31.38
1,62836E+18,31.38
1,62836E+18,31.39
1,62836E+18,31.39
1,62836E+18,31.4
1,62836E+18,31.41
1,62836E+18,31.41
1,62836E+18,31.42
1,62836E+18,31.43
1,62836E+18,31.43
1,62836E+18,31.44
1,62836E+18,31.44
1,62836E+18,31.45
1,62836E+18,31.46
1,62836E+18,31.46
1,62836E+18,31.47
1,62836E+18,31.48
1,62836E+18,31.48
1,62836E+18,31.49
1,62836E+18,31.5
1,62836E+18,31.5
1,62836E+18,31.51
1,62836E+18,31.51
1,62836E+18,31.52
1,62836E+18,31.53
1,62836E+18,31.53
1,62836E+18,31.54
1,62836E+18,31.55
1,62836E+18,31.55
1,62836E+18,31.56
1,62836E+18,31.56
1,62836E+18,31.57
1,62836E+18,31.58
1,62836E+18,31.58
1,62836E+18,31.59
1,62836E+18,31.6
1,62836E+18,31.6
1,62836E+18,31.61
1,62836E+18,31.61
1,62836E+18,31.62
1,62836E+18,31.63
1,62836E+18,31.63
1,62836E+18,31.64
1,62836E+18,31.65
1,62836E+18,31.65
1,62836E+18,31.66
1,62836E+18,31.67
1,62836E+18,31.67
1,62836E+18,31.68
1,62836E+18,31.68
1,62836E+18,31.69
1,62836E+18,31.7
1,62836E+18,31.7
1,62836E+18,31.71
1,62836E+18,31.72
1,62836E+18,31.72
1,62836E+18,31.73
1,62836E+18,31.74
1,62836E+18,31.74
1,62836E+18,31.75
1,62836E+18,31.75
1,62836E+18,31.76
1,62836E+18,31.77
1,62836E+18,31.77
1,62836E+18,31.78
1,62836E+18,31.79
1,62836E+18,31.79
1,62836E+18,31.8
1,62836E+18,31.8
1,62836E+18,31.81
1,62836E+18,31.82
1,62836E+18,31.82
1,62836E+18,31.83
1,62836E+18,31.84
1,62836E+18,31.84
1,62836E+18,31.85
1,62836E+18,31.86
1,62836E+18,31.86
1,62836E+18,31.87
1,62836E+18,31.87
1,62836E+18,31.88
1,62836E+18,31.89
1,62836E+18,31.89
1,62836E+18,31.9
1,62836E+18,31.91
1,62836E+18,31.91
1,62836E+18,31.92
1,62836E+18,31.92
1,62836E+18,31.93
1,62836E+18,31.94
1,62836E+18,31.94
1,62836E+18,31.95
1,62836E+18,31.96
1,62836E+18,31.96
1,62836E+18,31.98
1,62836E+18,31.99
1,62836E+18,31.99
1,62836E+18,32
1,62836E+18,32
1,62836E+18,32.01
1,62836E+18,32.11
1,62836E+18,32.31
1,62836E+18,32.44
1,62836E+18,32.46
1,62836E+18,32.59
1,62836E+18,32.78
1,62836E+18,32.93
1,62836E+18,33.08
1,62836E+18,33.28
1,62836E+18,33.52
1,62836E+18,33.72
1,62836E+18,34.01
1,62836E+18,34.45
1,62836E+18,34.65
1,62836E+18,34.79
1,62836E+18,34.94
1,62836E+18,35.09
1,62836E+18,35.23
1,62836E+18,35.38
1,62836E+18,35.53
1,62836E+18,35.68
1,62836E+18,35.82
1,62836E+18,36.07
1,62836E+18,36.41
1,62836E+18,36.66
1,62836E+18,36.85
1,62836E+18,37.05
1,62836E+18,37.25
1,62836E+18,37.39
1,62836E+18,37.54
1,62836E+18,37.65
1,62836E+18,37.73
1,62836E+18,37.88
1,62836E+18,38.03
1,62836E+18,38.11
1,62836E+18,38.26
1,62836E+18,38.41
1,62836E+18,38.56
1,62836E+18,38.7
1,62836E+18,38.85
1,62836E+18,38.95
1,62836E+18,39.15
1,62836E+18,39.24
1,62836E+18,39.44
1,62836E+18,39.54
1,62836E+18,39.68
1,62836E+18,39.83
1,62836E+18,39.98
1,62836E+18,40.13
1,62836E+18,40.32
1,62836E+18,40.57
1,62836E+18,40.76
1,62836E+18,41.01
1,62836E+18,41.16
1,62836E+18,41.35
1,62836E+18,41.5
1,62836E+18,41.6
1,62836E+18,41.79
1,62836E+18,41.89
1,62836E+18,42.04
1,62836E+18,42.19
1,62836E+18,42.33
1,62836E+18,42.48
1,62836E+18,42.63
1,62836E+18,42.77
1,62836E+18,42.92
1,62836E+18,43.07
1,62836E+18,43.22
1,62836E+18,43.36
1,62836E+18,43.46
1,62836E+18,43.61
1,62836E+18,43.81
1,62836E+18,44
1,62836E+18,44.15
1,62836E+18,44.3
1,62836E+18,44.44
1,62836E+18,44.64
1,62836E+18,44.79
1,62836E+18,45.03
1,62836E+18,45.18
1,62836E+18,45.38
1,62836E+18,45.52
1,62836E+18,45.67
1,62836E+18,45.82
1,62836E+18,45.96
1,62836E+18,46.11
1,62836E+18,46.31
1,62836E+18,46.5
1,62836E+18,46.7
1,62836E+18,46.9
1,62836E+18,47.04
1,62836E+18,47.19
1,62836E+18,47.29
1,62836E+18,47.44
1,62836E+18,47.58
1,62836E+18,47.73
1,62836E+18,47.93
1,62836E+18,48.07
1,62836E+18,48.27
1,62836E+18,48.42
1,62836E+18,48.61
1,62836E+18,48.81
1,62836E+18,49.01
1,62836E+18,49.1
1,62836E+18,49.25
1,62836E+18,49.35
1,62836E+18,49.5
1,62836E+18,49.64
1,62836E+18,49.74
1,62836E+18,49.89
1,62836E+18,49.99
1,62836E+18,50.14
1,62836E+18,50.23
1,62836E+18,50.38
1,62836E+18,50.53
1,62836E+18,50.63
1,62836E+18,50.82
1,62836E+18,50.97
1,62836E+18,51.12
1,62836E+18,51.26
1,62836E+18,51.46
1,62836E+18,51.56
1,62836E+18,51.75
1,62836E+18,51.9
1,62836E+18,52
1,62836E+18,52.15
1,62836E+18,52.29
1,62836E+18,52.39
1,62836E+18,52.54
1,62836E+18,52.69
1,62836E+18,52.79
1,62836E+18,52.93
1,62836E+18,53.03
1,62836E+18,53.18
1,62836E+18,53.33
1,62836E+18,53.42
1,62836E+18,53.55
1,62836E+18,53.64
1,62836E+18,53.75
1,62836E+18,53.84
1,62836E+18,53.99
1,62836E+18,54.09
1,62836E+18,54.18
1,62836E+18,54.3
1,62836E+18,54.38
1,62836E+18,54.48
1,62836E+18,54.58
1,62836E+18,54.66
1,62836E+18,54.81
1,62836E+18,54.88
1,62836E+18,54.95
1,62836E+18,55.09
1,62836E+18,55.23
1,62836E+18,55.29
1,62836E+18,55.42
1,62836E+18,55.52
1,62836E+18,55.7
1,62836E+18,55.79
1,62836E+18,55.89
1,62836E+18,55.91
1,62836E+18,56.02
1,62836E+18,56.17
1,62836E+18,56.27
1,62836E+18,56.36
1,62836E+18,56.47
1,62836E+18,56.57
1,62836E+18,56.66
1,62836E+18,56.81
1,62836E+18,56.9
1,62836E+18,57
1,62836E+18,57.14
1,62836E+18,57.16
1,62836E+18,57.31
1,62836E+18,57.41
1,62836E+18,57.51
1,62836E+18,57.61
1,62836E+18,57.71
1,62836E+18,57.77
1,62837E+18,57.92
1,62837E+18,58.04
1,62837E+18,58.14
1,62837E+18,58.21
1,62837E+18,58.36
1,62837E+18,58.46
1,62837E+18,58.5
1,62837E+18,58.61
1,62837E+18,58.76
1,62837E+18,58.84
1,62837E+18,58.99
1,62837E+18,59.09
1,62837E+18,59.18
1,62837E+18,59.28
1,62837E+18,59.39
1,62837E+18,59.43
1,62837E+18,59.57
1,62837E+18,59.65
1,62837E+18,59.8
1,62837E+18,59.95
1,62837E+18,60.02
1,62837E+18,60.14
1,62837E+18,60.29
1,62837E+18,60.37
1,62837E+18,60.46
1,62837E+18,60.56
1,62837E+18,60.71
1,62837E+18,60.82
1,62837E+18,60.9
1,62837E+18,61.04
1,62837E+18,61.11
1,62837E+18,61.22
1,62837E+18,61.36
1,62837E+18,61.46
1,62837E+18,61.54
1,62837E+18,61.64
1,62837E+18,61.77
1,62837E+18,61.79
1,62837E+18,61.94
1,62837E+18,62.09
1,62837E+18,62.18
1,62837E+18,62.31
1,62837E+18,62.43
1,62837E+18,62.52
1,62837E+18,62.67
1,62837E+18,62.77
1,62837E+18,62.92
1,62837E+18,63.06
1,62837E+18,63.16
1,62837E+18,63.31
1,62837E+18,63.46
1,62837E+18,63.56
1,62837E+18,63.7
1,62837E+18,63.85
1,62837E+18,63.95
1,62837E+18,64.1
1,62837E+18,64.19
1,62837E+18,64.34
1,62837E+18,64.49
1,62837E+18,64.59
1,62837E+18,64.74
1,62837E+18,64.88
1,62837E+18,64.98
1,62837E+18,65.13
1,62837E+18,65.28
1,62837E+18,65.37
1,62837E+18,65.52
1,62837E+18,65.62
1,62837E+18,65.77
1,62837E+18,65.91
1,62837E+18,66.01
1,62837E+18,66.16
1,62837E+18,66.26
1,62837E+18,66.4
1,62837E+18,66.55
1,62837E+18,66.7
1,62837E+18,66.8
1,62837E+18,66.94
1,62837E+18,67.04
1,62837E+18,67.19
1,62837E+18,67.29
1,62837E+18,67.44
1,62837E+18,67.58
1,62837E+18,67.68
1,62837E+18,67.83
1,62837E+18,67.93
1,62837E+18,68.07
1,62837E+18,68.17
1,62837E+18,68.32
1,62837E+18,68.42
1,62837E+18,68.57
1,62837E+18,68.66
1,62837E+18,68.81
1,62837E+18,68.91
1,62837E+18,69.06
1,62837E+18,69.2
1,62837E+18,69.3
1,62837E+18,69.45
1,62837E+18,69.55
1,62837E+18,69.69
1,62837E+18,69.84
1,62837E+18,70.04
1,62837E+18,70.19
1,62837E+18,70.33
1,62837E+18,70.48
1,62837E+18,70.63
1,62837E+18,70.78
1,62837E+18,70.87
1,62837E+18,71.02
1,62837E+18,71.11
1,62837E+18,71.21
1,62837E+18,71.31
1,62837E+18,71.34
1,62837E+18,71.45
1,62837E+18,71.58
1,62837E+18,71.58
1,62837E+18,71.65
1,62837E+18,71.75
1,62837E+18,71.83
1,62837E+18,71.98
1,62837E+18,72
1,62837E+18,72.15
1,62837E+18,72.3
1,62837E+18,72.45
1,62837E+18,72.64
1,62837E+18,72.79
1,62837E+18,72.89
1,62837E+18,73
1,62837E+18,73.08
1,62837E+18,73.23
1,62837E+18,73.29
1,62837E+18,73.35
1,62837E+18,73.45
1,62837E+18,73.6
1,62837E+18,73.7
1,62837E+18,73.74
1,62837E+18,73.8
1,62837E+18,73.94
1,62837E+18,74.07
1,62837E+18,74.22
1,62837E+18,74.37
1,62837E+18,74.52
1,62837E+18,74.61
1,62837E+18,74.76
1,62837E+18,74.86
1,62837E+18,75.01
1,62837E+18,75.11
1,62837E+18,75.25
1,62837E+18,75.4
1,62837E+18,75.49
1,62837E+18,75.5
1,62837E+18,75.51
1,62837E+18,75.51
1,62837E+18,75.52
1,62837E+18,75.53
1,62837E+18,75.53
1,62837E+18,75.54
1,62837E+18,75.55
1,62837E+18,75.55
1,62837E+18,75.56
1,62837E+18,75.56
1,62837E+18,75.57
1,62837E+18,75.58
1,62837E+18,75.58
1,62837E+18,75.59
1,62837E+18,75.6
1,62837E+18,75.6
1,62837E+18,75.61
1,62837E+18,75.61
1,62837E+18,75.62
1,62837E+18,75.63
1,62837E+18,75.63
1,62837E+18,75.64
1,62837E+18,75.65
1,62837E+18,75.65
1,62837E+18,75.66
1,62837E+18,75.66
1,62837E+18,75.67
1,62837E+18,75.68
1,62837E+18,75.68
1,62837E+18,75.69
1,62837E+18,75.7
1,62837E+18,75.7
1,62837E+18,75.71
1,62837E+18,75.72
1,62837E+18,75.72
1,62837E+18,75.73
1,62837E+18,75.73
1,62837E+18,75.74
1,62837E+18,75.75
1,62837E+18,75.75
1,62837E+18,75.76
1,62837E+18,75.77
1,62837E+18,75.77
1,62837E+18,75.78
1,62837E+18,75.79
1,62837E+18,75.79
1,62837E+18,75.8
1,62837E+18,75.8
1,62837E+18,75.81
1,62837E+18,75.82
1,62837E+18,75.82
1,62837E+18,75.83
1,62837E+18,75.84
1,62837E+18,75.84
1,62837E+18,75.85
1,62837E+18,75.86
1,62837E+18,75.86
1,62837E+18,75.87
1,62837E+18,75.87
1,62837E+18,75.88
1,62837E+18,75.89
1,62837E+18,75.89
1,62837E+18,75.9
1,62837E+18,75.91
1,62837E+18,75.91
1,62837E+18,75.92
1,62837E+18,75.92
1,62837E+18,75.93
1,62837E+18,75.94
1,62837E+18,75.94
1,62837E+18,75.95
1,62837E+18,75.96
1,62837E+18,75.96
1,62837E+18,75.97
1,62837E+18,75.97
1,62837E+18,75.98
1,62837E+18,75.99
1,62837E+18,75.99
1,62837E+18,76
1,62837E+18,76.01
1,62837E+18,76.01
1,62837E+18,76.02
1,62837E+18,76.02
1,62837E+18,76.03
1,62837E+18,76.04
1,62837E+18,76.04
1,62837E+18,76.05
1,62837E+18,76.06
1,62837E+18,76.06
1,62837E+18,76.07
1,62837E+18,76.08
1,62837E+18,76.08
1,62837E+18,76.09
1,62837E+18,76.09
1,62837E+18,76.1
1,62837E+18,76.11
1,62837E+18,76.11
1,62837E+18,76.12
1,62837E+18,76.13
1,62837E+18,76.13
1,62837E+18,76.14
1,62837E+18,76.15
1,62837E+18,76.15
1,62837E+18,76.16
1,62837E+18,76.16
1,62837E+18,76.17
1,62837E+18,76.18
1,62837E+18,76.18
1,62837E+18,76.19
1,62837E+18,76.2
1,62837E+18,76.2
1,62837E+18,76.21
1,62837E+18,76.22
1,62837E+18,76.22
1,62837E+18,76.23
1,62837E+18,76.23
1,62837E+18,76.24
1,62837E+18,76.25
1,62837E+18,76.25
1,62837E+18,76.26
1,62837E+18,76.27
1,62837E+18,76.27
1,62837E+18,76.28
1,62837E+18,76.28
1,62837E+18,76.29
1,62837E+18,76.3
1,62837E+18,76.3
1,62837E+18,76.31
1,62837E+18,76.32
1,62837E+18,76.32
1,62837E+18,76.33
1,62837E+18,76.33
1,62837E+18,76.34
1,62837E+18,76.35
1,62837E+18,76.35
1,62837E+18,76.36
1,62837E+18,76.37
1,62837E+18,76.37
1,62837E+18,76.38
1,62837E+18,76.38
1,62837E+18,76.39
1,62837E+18,76.4
1,62837E+18,76.4
1,62837E+18,76.41
1,62837E+18,76.42
1,62837E+18,76.42
1,62837E+18,76.43
1,62837E+18,76.44
1,62837E+18,76.44
1,62837E+18,76.45
1,62837E+18,76.46
1,62837E+18,76.46
